{
  "questions": [
    {
      "q": "Отмечаете ли Вы Новый Год ?",
      "a":
        [
          {
            "title":"да",
            "vector": [ 2, 1, 1, 0, 2, 0, 1, 1,1  ,0 ]
          },
          {
            "title":"нет",
            "vector": [ 0, 0, 0, 1, 0, 0, 0, 0, 0  ,0 ]
          }
         ]
    },
    {
      "q": "От кого исходит святой дух ?",
      "a":
      [
        {
          "title":"от святой макаронины",
          "vector":[0,0,0,0,0,0,0,0,4 ,0 ]
        },
        {
          "title":"от Бога Отца",
          "vector": [0,0,0,4,0,0,0,0,0 ,0 ]
        },
        {
          "title":"от Бога Сына",
          "vector": [0,0,0,0,0,0,0,0,0 ,0 ]
        },
        {
          "title":"от Бога Отца и Сына вместе",
          "vector": [0,4,4,0,0,0,0,0,0 ,0 ]
        }
       ]
    },
    {
      "q": "Можно ли священникам жениться ?",
      "a":
      [
        {
          "title":"да",
          "vector": [ 1, 1, 0, 1, 1, 1, 1, 1,1  ,0 ]
        },
        {
          "title":"нет",
          "vector": [ 0, 0, 3, 0, 0, 0, 0, 0, 0  ,0 ]
        }
       ]
    },
    {
      "q": "Вы Носите бороду постоянно ?",
      "a":
      [
        {
          "title":"да",
          "vector": [ 0, 0, 0, 3, 0, 0, 0, 0,0  ,0 ]
        },
        {
          "title":"нет",
          "vector": [ 1, 1, 1, 0, 1, 1, 1, 1, 1  ,0 ]
        }
       ]
    },
    {
      "q": "Можете ли вы появляться перед посторонними без специального головного убора ?",
      "a":
      [
        {
          "title":"да",
          "vector": [ 0, 0, 0, 0, 0, 0, 0, 0,0  ,0 ]
        },
        {
          "title":"нет",
          "vector": [ 0, 0, 0, 0, 0, 2, 0, 0, 0  ,0 ]
        }
       ]
    },
    {
      "q": "на Новый Год у Вас были салат оливье, алкоголь и фейерверки ?",
      "a":
      [
        {
          "title":"да",
          "vector": [ 2, 2, 2, 0, 2, 2, 2, 2,2  ,0 ]
        },
        {
          "title":"нет",
          "vector": [ 0, 0, 0, 1, 0, 0, 0, 0, 0  ,0 ]
        }
       ]
    },
    {
      "q": "Можно ли в церкви/храме/мечети пить вино ?",
      "a":
      [
        {
          "title":"да",
          "vector": [ 0, 0, 1, 0, 1, 0, 0, 0, 1  ,0 ]
        },
        {
          "title":"нет",
          "vector": [ 0, 0, 0, 1, 0, 1, 0, 0, 0  ,0 ]
        }
       ]
    },
    {
      "q": "Можно ли в церкви/храме/мечети пить пиво ?",
      "a":
      [
        {
          "title":"да",
          "vector": [ 0, 0, 0, 0, 0, 0, 0, 0, 5  ,0 ]
        },
        {
          "title":"нет",
          "vector": [ 0, 0, 0, 0, 0, 0, 0, 0, 0  ,0 ]
        }
       ]
    },
    {
      "q": "Танцы в церкви это богохульство ?",
      "a":
      [
        {
          "title":"да, конечно",
          "vector": [ 0, 4, 0, 5, 0, 2, 0, 0, 0  ,0 ]
        },
        {
          "title":"нет, конечно",
          "vector": [ 0, 0, 0, 0, 0, 0, 0, 0, 3  ,0 ]
        },
        {
          "title":"так как Бога нет, то и хулить некого. вопрос некорректный.",
          "vector": [ 5, 0, 0, 0, 0, 0, 0, 0, 2  ,0 ]
        },
        {
          "title":"не очень хорошо, но если никто не постралал, то нет  ",
          "vector": [ 0, 0, 5, 0, 0, 0, 0, 0, 0  ,0 ]
        }
       ]
    },
    {
      "q": "Верите ли Вы, что после смерти душа человека попадает в чистилище, а потом в рай или ад ?",
      "a":
      [
        {
          "title":"да, конечно",
          "vector": [ 0, 7, 0, 0, 0, 6, 0, 0, 0  ,0 ]
        },
        {
          "title":"да но без чистилища - сразу дальше",
          "vector": [ 0, 0, 10, 10, 0, 0, 0, 0, 0  ,0 ]
        },
        {
          "title":"никакой души не существует ",
          "vector": [ 4, 0, 0, 0, 0, 0, 0, 0, 4  ,0 ]
        }
       ]
    },
    {
      "q": "Крещение это:",
      "a":
      [
        {
          "title":"обязательный ритуал. должно быть проведено. чем раньше, тем лучше ",
          "vector": [ 0, 0, 0, 5, 0, 0, 0, 0, 0  ,0 ]
        },
        {
          "title":"важный ритуал, который требует сознательного решения и может проводиться только в сознательном возрасте",
          "vector": [ 0, 0, 5, 0, 0, 0, 0, 0, 0  ,0 ]
        },
        {
          "title":"ерунда какая-то",
          "vector": [ 5, 0, 0, 0, 0, 0, 0, 0, 5  ,0 ]
        }
       ]
    },
    {
      "q": "Как быть с \"другими богами\", отличными от тех(того), в которых(-ого) верю я ?",
      "a":
      [
        {
          "title":"я думаю они тоже существуют",
          "vector": [ 0, 0, 0, 0, 3, 0, 0, 0, 0  ,0 ]
        },
        {
          "title":"существует только один бог",
          "vector": [ 0, 3, 0, 0, 0, 0, 0, 0, 0  ,0 ]
        },
        {
          "title":"эта ересь оскорбляет мои чувства ",
          "vector": [ 0, 0, 0, 3, 0, 3, 0, 0, 0  ,0 ]
        },
        {
          "title":"люди, которые верят в них, просто заблуждаются ",
          "vector": [ 0, 0, 0, 0, 0, 0, 0, 0, 3  ,0 ]
        },
        {
          "title":"да не существует вообще никаких богов. ВЫВСЕВРЕТЕ",
          "vector": [ 3, 0, 0, 0, 0, 0, 0, 0, 0  ,0 ]
        }
       ]
    },
    {
      "q": "Брак заключается один раз на всю жизнь или можно разводиться ?",
      "a":
      [
        {
          "title":"один раз. разводиться запрещено",
          "vector": [ 0, 5, 0, 0, 0, 0, 0, 0, 0  ,0 ]
        },
        {
          "title":"в отдельных случаях разводы допустимы ",
          "vector": [ 0, 0, 0, 5, 0, 0, 0, 0, 0  ,0 ]
        },
        {
          "title":"все эти дела не касаются церкви",
          "vector": [ 2, 0, 0, 0, 0, 0, 0, 0, 2  ,0 ]
        }
       ]
    },
    {
      "q": "Верите ли вы что святая Дева Мария была рождена с \"первородным грехом\" (как и все люди) ?",
      "a":
      [
        {
          "title":"да !",
          "vector": [ 0, 0, 0, 2, 0, 0, 0, 0, 0  ,0 ]
        },
        {
          "title":"нет, она безгрешна !",
          "vector": [ 0, 2, 0, 0, 0, 0, 0, 0, 0  ,0 ]
        },
        {
          "title":"Дева Мария не почитается мной за святую",
          "vector": [ 0, 0, 3, 0, 0, 0, 0, 0, 0  ,0 ]
        },
        {
          "title":"вообще бред какой-то",
          "vector": [ 2, 0, 0, 0, 0, 0, 0, 0, 2  ,0 ]
        }
       ]
    },
    {
      "q": "Нужно ли молиться за умерших ?",
      "a":
      [
        {
          "title":"да",
          "vector": [ 0, 5, 0, 5, 0, 0, 0, 0, 0  ,0 ]
        },
        {
          "title":"нет",
          "vector": [ 0, 0, 10, 0, 0, 0, 0, 0, 0  ,0 ]
        },
        {
          "title":"да все равно",
          "vector": [ 0, 0, 0, 0, 0, 0, 0, 0, 1  ,0 ]
        },
        {
          "title":"молитвы бессмысленны в принципе",
          "vector": [ 5, 0, 0, 0, 0, 0, 0, 0, 0  ,0 ]
        }
       ]
    },
    {
      "q": "Может ли Иисус как Бог простить Вам грехи ?",
      "a":
      [
        {
          "title":"конечно",
          "vector": [ 0, 0, 0, 3, 0, 0, 0, 0, 0  ,0 ]
        },
        {
          "title":"нет не может, так как он не Бог вообще",
          "vector": [ 0, 0, 10, 0, 0, 0, 0, 0, 0  ,20 ]
        },
        {
          "title":"не знаю",
          "vector": [ 5, 5, 5, 0, 5, 5, 5, 5, 5  ,5 ]
        }
       ]
    },
    {
      "q": "Празднование субботы очень важно ?",
      "a":
      [
        {
          "title":"да, это очень важно в моей религии ",
          "vector": [ 0, 0, 0, 0, 0, 0, 0, 0, 0  ,20 ]
        },
        {
          "title":"важно, но не особенно",
          "vector": [ 0, 0, 0, 5, 0, 0, 0, 0, 0  ,0 ]
        },
        {
          "title":"важнее отмечать пятницу",
          "vector": [ 0, 0, 0, 0, 0, 0, 0, 0, 10  ,0 ]
        },
        {
          "title":"пофиг",
          "vector": [ 2, 0, 0, 0, 0, 0, 0, 0, 0  ,0 ]
        }
      ]
    },
    {
      "q": "Может ли глава церкви ошибаться в вопросах веры ?",
      "a":
      [
        {
          "title":"не может ошибаться",
          "vector": [ 0, 0, 3, 0, 0, 0, 0, 0, 0 ,0 ]
        },
        {
          "title":"может ошибаться",
          "vector": [ 0, 0, 0, 3, 0, 0, 0, 0, 0  ,0 ]
        },
        {
          "title":"у нас нет единого главы в церкви",
          "vector": [ 0, 0, 3, 0, 0, 0, 0, 0, 10  ,0 ]
        },
        {
          "title":"глава церкви ошибается уже потому, что верит бога ",
          "vector": [ 3, 0, 0, 0, 0, 0, 0, 0, 0  ,0 ]
        }
      ]
    },
    {
      "q": "Благотворительность :",
      "a":
      [
        {
          "title":"приветствуется в добровольном порядке",
          "vector": [ 0, 2, 2, 2, 0, 0, 0, 0, 0 ,0 ]
        },
        {
          "title":"помощь бедным обязательна",
          "vector": [ 0, 0, 0, 0, 0, 20, 0, 0, 0  ,0 ]
        }
      ]
    },
    {
      "q": "Свобода воли :",
      "a":
      [
        {
          "title":"Человеку дана Богом свободная воля",
          "vector": [ 0, 2, 2, 2, 0, 0, 0, 0, 0 ,0 ]
        },
        {
          "title":"Своей воли человек не имеет и должен подчиняться воле Бога. ",
          "vector": [ 0, 0, 0, 0, 0, 10, 0, 0, 0  ,0 ]
        },
        {
          "title":"Эволюция сделала человека свободным",
          "vector": [ 5, 0, 0, 0, 0, 10, 0, 0, 0  ,0 ]
        }
      ]
    },
    {
      "q": "Орудием победы над Сатаной является :",
      "a":
      [
        {
          "title":"крест",
          "vector": [ 0, 1, 0, 0, 0, 0, 0, 0, 0 ,0 ]
        },
        {
          "title":"черный камень",
          "vector": [ 0, 0, 0, 0, 0, 20, 0, 0, 0  ,0 ]
        },
        {
          "title":"Я не верю в Сатану и оружие против него",
          "vector": [ 3, 0, 0, 0, 0, 0, 0, 0, 0 ,0 ]
        },
        {
          "title":"я не знаю",
          "vector": [ 0, 0, 0, 3, 0, 0, 0, 0, 0 ,0 ]
        },
        {
          "title":"бокал пива",
          "vector": [ 0, 0, 0, 0, 0, 10, 0, 0, 3  ,0 ]
        }
      ]
    },
    {
      "q": "Иисус Христос это :",
      "a":
      [
        {
          "title":"Бог и человек одновременно",
          "vector": [ 0, 0, 0, 6, 0, 0, 0, 0, 0 ,0 ]
        },
        {
          "title":"Сын Бога",
          "vector": [ 0, 6, 6, 0, 0, 20, 0, 0, 0  ,0 ]
        },
        {
          "title":"Пророк",
          "vector": [ 0, 0, 0, 0, 0, 10, 0, 0, 0 ,0 ]
        },
        {
          "title":"вымышленный персонаж",
          "vector": [ 6, 0, 0, 0, 0, 0, 0, 0, 0 ,0 ]
        },
        {
          "title":"Сын ЛММ",
          "vector": [ 0, 0, 0, 0, 0, 0, 0, 0, 20 ,0 ]
        }
      ]
    }
   ]
}